<?xml version="1.0"?>
<pagescount>
	<html_total>51</html_total>
	<html_done>51</html_done>
	<images>175</images>
	<script>44</script>
	<css>25</css>
	<pdf/>
	<documents/>
	<excel/>
	<powerpoint/>
	<flash/>
	<audios/>
	<videos/>
	<xml/>
	<json/>
	<txt/>
	<autocad/>
	<fonts>79</fonts>
	<scraping_reload>1</scraping_reload>
	<is_pretty_url>false</is_pretty_url>
	<is_ebn>false</is_ebn>
	<email>hitesh.visit@gmail.com</email>
	<theme_name>WmdTheme643991</theme_name>
	<server_url_front_page>https://www6.waybackmachinedownloader.com/wdo/files/demo/sellersprevention.com_hitesh.visit_gmail.com_12ykupi9t4/</server_url_front_page>
	<no_www_url>sellersprevention.com</no_www_url>
	<hosted_domain/>
	<original_archive_url>https://sellersprevention.com</original_archive_url>
	<final_archive_url>https://sellersprevention.com/</final_archive_url>
	<front_page_code_date/>
	<total_urls_from_api/>
	<max_reached_live>false</max_reached_live>
	<scrape_other_captures>false</scrape_other_captures>
	<total_size>19628</total_size>
</pagescount>
